source,destination,product
/product/xds-loretta-retro-bike/,/shop#!/XDS-Loretta-Retro-Bike/p/809011431,XDS Loretta Retro Bike
/product/byk-kids-short-finger-cycling-gloves/,/shop#!/h/p/809017724,BYK Kids Short Finger Cycling Gloves
/product/limar-kid-pro-s-helmet/,/shop#!/h/p/809017724,Limar Kid Pro S Helmet
/product/limar/,/shop#!/h/p/809017724,Limar Kid Pro M Helmet
/product/byk-e540-x3i-mtr/,/shop#!/BYK-E-540-x-3i-MTR/p/809035980,BYK E540 x3i MTR
/product/byk-e540-x7-mtr/,/shop#!/BYK-E-540-x-7-MTR/p/809036800,BYK E540 x7 MTR
/product/byk-e540-mtb/,/shop#!/BYK-E-540-MTBD/p/809035445,BYK E540 MTB
/product/byk-e540-mtbg/,/shop#!/BYK-E-250-MTBG/p/809035967,BYK E540 MTBG
/product/byk-kids-bike-stand/,/shop#!/i/p/809018581,BYK Kids Bike Stand
/product/byk-e620-x7-mtr/,/shop#!/BYK-E-620-x-7-MTR/p/809018528,BYK E620 x7 MTR
/product/sks-drink-bottle-team-germany-750ml/,/shop#!/i/p/809018581,SKS Drink Bottle Team Germany 750ml
/product/sks-drink-bottle-team-germany-500ml/,/shop#!/i/p/809018581,SKS Drink Bottle Team Germany 500ml
/product/sks-topcage/,/shop#!/t/p/809016739,SKS Topcage
/product/hollywood-road-runner-4-bike-hitch-rack/,/shop#!/h/p/809017724,Hollywood Road Runner 4 Bike Hitch Rack
/product/helmet-lazer-compact/,/shop#!/h/p/809017724,Helmet Lazer Compact
/product/helmet-lazer-sphere/,/shop#!/h/p/809017724,Helmet Lazer Sphere
/product/helmet-lazer-tonic/,/shop#!/h/p/809017724,Helmet Lazer Tonic
/product/helmet-lazer-coyote/,/shop#!/h/p/809017724,Helmet Lazer Coyote
/product/maxi-micro-deluxe-led-kids-scooter/,/shop#!/i/p/809018581,Maxi Micro Deluxe LED Kids Scooter Purple
/product/micro-scooter-bike-bell/,/shop#!/i/p/809018581,Micro Scooter Bike Bell
/product/micro-kids-knee-elbow-pads-pattern/,/shop#!/i/p/809018581,Micro Kids Knee Elbow Pads Pattern
/product/micro-kids-knee-elbow-pads-black/,/shop#!/i/p/809018581,Micro Kids Knee Elbow Pads Black
/product/100-fortis-knee-guard-black/,/shop#!/i/p/809018581,100% FORTIS Knee Guard Black
/product/100-fortis-elbow-guard-black/,/shop#!/i/p/809018581,100% Fortis Elbow Guard Black
/product/100-teratec-plus-knee-guard-black/,/shop#!/t/p/809016739,100% TERATEC PLUS Knee Guard Black
/product/100-teratec-plus-elbow-guard-black/,/shop#!/t/p/809016739,100% TERATEC PLUS Elbow Guard Black
/product/100-teratec-knee-guard-black/,/shop#!/t/p/809016739,100% TERATEC Knee Guard Black
/product/100-teratec-elbow-guards-black/,/shop#!/t/p/809016739,100% TERATEC Elbow Guards Black
/product/100-ridecamp-knee-guard-black-grey/,/shop#!/i/p/809018581,100% RIDECAMP Knee Guard Black/Grey
/product/100-ridecamp-elbow-guard-black-grey/,/shop#!/i/p/809018581,100% RIDECAMP Elbow Guard Black/Grey
/product/100-tarka-vest-black/,/shop#!/t/p/809016739,100% TARKA Vest Black
/product/100-tarka-short-sleeve-black/,/shop#!/h/p/809017724,100% TARKA Short Sleeve Black
/product/100-airmatic-gloves/,/shop#!/100-Airmatic-Gloves/p/809016332,100% AIRMATIC Gloves
/product/100-ridefit-gloves/,/shop#!/100-Ridefit-Gloves/p/809016567,100% RIDEFIT Gloves
/product/100-itrack-gloves/,/shop#!/100-iTrack-Gloves/p/809011435,100% iTRACK Gloves
/product/100-itrack-youth-gloves-black/,/shop#!/100-iTrack-Youth-Gloves/p/809017544,100% ITRACK Youth Gloves Black
/product/100-celium-gloves-black-grey/,/shop#!/100-Celium-Gloves/p/809016569,100% CELIUM Gloves Black/Grey
/product/100-status-full-face-helmet/,/shop#!/h/p/809017724,100% STATUS Full Face Helmet
/product/100-trajecta-helmet-w-fidlock-black/,/shop#!/h/p/809017724,100% TRAJECTA Helmet w Fidlock
/product/100-status-youth-helmet-black/,/shop#!/h/p/809017724,100% STATUS Youth Full Face Helmet
/product/wahoo-rpm-speed-and-cadence-sensor-bundle/,/shop#!/h/p/809017724,Wahoo RPM Speed and Cadence Sensor Bundle
/product/aftershokz-aeropex-wireless-bluetooth-headphones/,/shop#!/SHOKZ-OpenRun-Wireless-Bluetooth-Headphones/p/809016314,AFTERSHOKZ AEROPEX Wireless Bluetooth Headphones
/product/cranks-gift-voucher/,/shop#!/h/p/809017724,Cranks Gift Voucher
/product/wethepeople-nova-20/,/shop#!/h/p/809017724,"Wethepeople Nova 20\"""
/product/wethepeople-crs-20/,/shop#!/h/p/809017724,"Wethepeople CRS 20\"""
/product/wethepeople-crs-fc-20/,/shop#!/h/p/809017724,"Wethepeople CRS FC 20\"""
/product/dunks-bmx-grips/,/shop#!/i/p/809018581,Dunks BMX Grips
/product/odyssey-broc-raiford-raft-grips/,/shop#!/i/p/809018581,Odyssey Broc Raiford Raft Grips
/product/s-and-m-hoder-bmx-grips/,/shop#!/h/p/809017724,S and M Hoder BMX Grips
/product/chakra-solo-helmets/,/shop#!/Kali-Chakra-Solo-Helmet/p/809011342,Kali Chakra Solo Helmets
/product/sks-drinking-bottle-sks-germany-logo-750ml-transparent/,/shop#!/i/p/809018581,SKS Drinking Bottle SKS Germany Logo 750ml
/product/sks-drinking-bottle-mountain-750ml-black/,/shop#!/i/p/809018581,SKS Drinking Bottle Mountain 750ml Black
/product/sks-drinking-bottle-mountain-500ml-black/,/shop#!/i/p/809018581,SKS Drinking Bottle Mountain 500ml Black
/product/sks-drinking-bottle-road-500ml-black/,/shop#!/i/p/809018581,SKS Drinking Bottle Road 500ml Black
/product/sks-drinking-bottle-road-750ml-black/,/shop#!/i/p/809018581,SKS Drinking Bottle Road 750ml Black
/product/sks-drinking-bottle-sks-germany-logo-500ml-transparent/,/shop#!/i/p/809018581,SKS Drinking Bottle SKS Germany Logo 500ml Transparent
/product/kali-charkra-youth-helmets/,/shop#!/Kali-Chakra-Youth-Helmet/p/809019513,Kali Chakra Youth Helmets
/product/cinema-tilt-pedals/,/shop#!/i/p/809018581,Cinema Tilt Pedals
/product/odyssey-pc-twisted-pedals/,/shop#!/i/p/809018581,Odyssey PC Twisted Pedals
/product/odyssey-grandstand-v2-pedal-alloy-dungan/,/shop#!/t/p/809016739,Odyssey Grandstand V2 Pedal Alloy Dungan
/product/6863/,/shop#!/i/p/809018581,Brilliant Reflective stick on
/product/brilliant-reflective-iron-on/,/shop#!/i/p/809018581,Brilliant Reflective Iron on
/product/osprey-moki-1-5-kids-biking-hydration-pack/,/shop#!/h/p/809017724,Osprey Moki 1.5 Kids Biking Hydration pack
/product/osprey-1-5l-hydraulics-reservoir/,/shop#!/h/p/809017724,Osprey 1.5L Hydraulics Reservoir
/product/envy-prodigy-complete-s8-nebula/,/shop#!/i/p/809018581,Envy Prodigy Complete S8 Nebula
/product/envy-prodigy-complete-s8-retro/,/shop#!/i/p/809018581,Envy Prodigy Complete S8 Retro
/product/envy-prodigy-complete-s8-st-grey/,/shop#!/i/p/809018581,Envy Prodigy Complete S8 St Grey
/product/envy-prodigy-complete-s8-swirl/,/shop#!/i/p/809018581,Envy Prodigy Complete S8 Swirl
/product/envy-prodigy-complete-s8-st-black/,/shop#!/i/p/809018581,Envy Prodigy Complete S8 St Black
/product/swiftwick-aspire-four-socks/,/shop#!/Swiftwick-Aspire-Four-Quarter-Socks/p/809034511,Swiftwick Aspire Four Socks
/product/swiftwick-aspire-seven-socks/,/shop#!/Swiftwick-Aspire-Seven-Socks/p/809006754,Swiftwick Aspire Seven Socks
/product/swiftwick-aspire-two-socks/,/shop#!/Swiftwick-Aspire-Seven-Socks/p/809006754,Swiftwick Aspire Two Socks
/product/wahoo-element-bolt-gps-bike-computer/,/shop#!/Wahoo-Element-Bolt-2-0-GPS-Bike-Computer/p/809021519,Wahoo Element Bolt GPS Bike Computer
/product/pro-tec-classic-certified-bike-helmet/,/shop#!/h/p/809017724,Pro Tec Classic Certified Bike Helmet
/product/deity-mtb-pedal-black-kat/,/shop#!/i/p/809018581,Deity MTB Pedal Black Kat
/product/deity-pedal-deftrap/,/shop#!/i/p/809018581,Deity Pedal Deftrap
/product/maxxis-dissector-29-x-2-40-wt-folding-exo-3c-maxxterra-tr/,/shop#!/i/p/809018581,Maxxis DISSECTOR 29 X 2.40 WT Folding EXO 3C MaxxTerra TR
/product/maxxis-dissector-29-x-2-40-wt-folding-dh-maxxgrip-tr/,/shop#!/h/p/809017724,Maxxis DISSECTOR 29 X 2.40 WT Folding DH MaxxGrip TR
/product/maxxis-dissector-27-5-x-2-40-wt-folding-exo-3c-maxxterra-tr/,/shop#!/i/p/809018581,Maxxis DISSECTOR 27.5 X 2.40 WT Folding EXO 3C MaxxTerra TR
/product/maxxis-dissector-27-5-x-2-40-wt-folding-dh-maxxgrip-tr/,/shop#!/h/p/809017724,Maxxis DISSECTOR 27.5 X 2.40 WT Folding DH MaxxGrip TR
/product/maxxis-ardent-29-x-2-40-folding-60tpi-exo-tr/,/shop#!/i/p/809018581,Maxxis ARDENT 29 X 2.40 Folding 60TPI EXO TR
/product/maxxis-ardent-27-5-x-2-40-wirebead-60tpi-exo/,/shop#!/i/p/809018581,Maxxis ARDENT 27.5 X 2.40 Wirebead 60TPI EXO
/product/maxxis-ardent-27-5-x-2-40-folding-60tpi-exo-tr/,/shop#!/i/p/809018581,Maxxis ARDENT 27.5 X 2.40 Folding 60TPI EXO TR
/product/maxxis-aggressor-29-x-2-50-wt-folding-60tpi-exo-tr/,/shop#!/i/p/809018581,Maxxis AGGRESSOR 29 X 2.50 WT Folding 60TPI EXO TR
/product/maxxis-aggressor-29-x-2-50-wt-folding-120tpix2-dd-tr/,/shop#!/i/p/809018581,Maxxis AGGRESSOR 29 X 2.50 WT Folding 120TPIx2 DD TR
/product/maxxis-aggressor-27-5-x-2-50-wt-folding-60tpi-exo-tr/,/shop#!/i/p/809018581,Maxxis AGGRESSOR 27.5 X 2.50 WT Folding 60TPI EXO TR
/product/maxxis-aggressor-27-5-x-2-50-wt-folding-120tpix2-dd-tr/,/shop#!/i/p/809018581,Maxxis AGGRESSOR 27.5 X 2.50 WT Folding 120TPIx2 DD TR
/product/maxxis-aggressor-27-5-x-2-30-folding-60tpi-exo-tr/,/shop#!/i/p/809018581,Maxxis AGGRESSOR 27.5 X 2.30 Folding 60TPI EXO TR
/product/maxxis-minion-dhf-29-x-2-30-folding-60tpi-exo-tr/,/shop#!/h/p/809017724,Maxxis MINION DHF 29 X 2.30 Folding 60TPI EXO TR
/product/maxxis-minion-dhf-27-5-x-2-50-wt-folding-60tpi-exo-tr/,/shop#!/h/p/809017724,Maxxis MINION DHF 27.5 X 2.50 WT Folding 60TPI EXO TR
/product/beto-deluxe-reclining-baby-seat-for-700cc-bike-disc-brake-compatible/,/shop#!/i/p/809018581,BETO Deluxe Reclining Baby Seat for 700Cc Bike - Disc Brake Compatible
/product/beto-deluxe-reclining-baby-seat-suit-26-inch-bike-disc-brake-compatible/,/shop#!/h/p/809017724,BETO Deluxe Reclining Baby Seat Suit 26 Inch Bike - Disc Brake Compatible
/product/beto-baby-seat-700cc-shock-absorbing-eva-seat-pad-foot-straps-steel-pannier-rack-included/,/shop#!/h/p/809017724,BETO Baby Seat 700Cc Shock Absorbing Eva Seat Pad - Foot Straps - Steel Pannier Rack Included
/product/joes-no-flats-eco-bike-soap-1l/,/shop#!/i/p/809018581,Joes No Flats Eco Bike Soap 1L
/product/joes-no-flats-lubricant-125ml-dry-conditions-teflon-ptfe-based-mini-drop-nozzle/,/shop#!/i/p/809018581,"Joes No Flats Lubricant 125mL DRY CONDITIONS Teflon PTFE Based, Mini Drop Nozzle"
/product/wt-bike-storage-super-stand-floor-rack-fits-bike-up-to-2-25-inch/,/shop#!/h/p/809017724,KWT Bike Storage Super Stand Floor Rack Fits Bike up to 2.25 inch
/product/kwt-bike-storage-super-stand-floor-rack-fits-bike-up-to-2-8-inches-wheel-width/,/shop#!/h/p/809017724,KWT Bike Storage Super Stand Floor Rack Fits Bike up to 2.8 inches wheel width
/product/maxxis-tyre-levers/,/shop#!/i/p/809018581,Maxxis Tyre Levers
/product/joes-no-flats-brush-kit-3pk/,/shop#!/h/p/809017724,JOES NO FLATS Brush Kit 3PK
/product/joes-no-flats-bio-degreaser-500ml-spray-bottle/,/shop#!/i/p/809018581,JOES NO FLATS Bio Degreaser 500mL Spray Bottle
/product/joes-no-flats-super-sealant-5l-jerry-can/,/shop#!/t/p/809016739,JOES NO FLATS Super Sealant 5L Jerry Can
/product/joes-no-flats-super-sealant-1l-latex-based-ultra-fast/,/shop#!/t/p/809016739,JOES NO FLATS Super Sealant 1L Latex Based Ultra Fast
/product/ryfe-pedals-predator-s-bearing-nylon-comp-body/,/shop#!/i/p/809018581,RYFE Pedals PREDATOR Sealed Bearing Nylon Composite
/product/joes-no-flats-super-sealant-500ml/,/shop#!/t/p/809016739,JOES NO FLATS Super Sealant 500mL
/product/joes-no-flats-super-sealant-125ml/,/shop#!/t/p/809016739,JOES NO FLATS Super Sealant 125mL
/product/joes-no-flats-super-sealant-60ml/,/shop#!/t/p/809016739,JOES NO FLATS Super Sealant 60mL
/product/joes-no-flats-sealant-injector/,/shop#!/i/p/809018581,JOES NO FLATS Sealant Injector
/product/pro-combipack-storage-bottle-with-minipump-tool-and-tire-levers/,/shop#!/i/p/809018581,"PRO COMBIPACK STORAGE BOTTLE MINIPUMP, TOOL, TIRE LEVERS"
/product/pro-bottle-tool-storage-black-500cc/,/shop#!/t/p/809016739,PRO BOTTLE TOOL STORAGE BLACK 500cc
/product/pro-bottle-tool-storage-black-750cc/,/shop#!/t/p/809016739,PRO BOTTLE TOOL STORAGE BLACK 750cc
/product/pro-bottle-team-600ml-transparent/,/shop#!/t/p/809016739,PRO BOTTLE TEAM 600ML TRANSPARENT
/product/pro-bottle-team-600ml-black/,/shop#!/t/p/809016739,PRO BOTTLE TEAM 600ML BLACK
/product/pro-bottle-team-800ml-black/,/shop#!/t/p/809016739,PRO BOTTLE TEAM 800ML BLACK
/product/pro-bottle-thermal-600ml-grey/,/shop#!/h/p/809017724,PRO BOTTLE THERMAL 600ML GREY
/product/pro-tri-bag-maxi-aerofuel-top-tube/,/shop#!/i/p/809018581,PRO TRI BAG MAXI AEROFUEL TOP TUBE
/product/pro-mini-strap-saddlebag-black-strap-system-0-4l/,/shop#!/i/p/809018581,PRO MINI STRAP SADDLEBAG BLACK STRAP SYSTEM 0.4L
/product/pro-medi-strap-saddlebag-black-strap-system-0-6l/,/shop#!/i/p/809018581,PRO MEDI STRAP SADDLEBAG BLACK STRAP SYSTEM 0.6L
/product/pro-maxi-saddlebag-black-strap-system-1-0l/,/shop#!/i/p/809018581,PRO MAXI SADDLEBAG BLACK STRAP SYSTEM 1.0L
/product/pro-gravel-bag-handlebar-8-0-ltr/,/shop#!/h/p/809017724,PRO GRAVEL BAG HANDLEBAR 8.0 Ltr
/product/ro-gravel-bag-seatpost-15ltr/,/shop#!/t/p/809016739,RO GRAVEL BAG SEATPOST 15Ltr
/product/pro-gravel-bag-bottle-handlebar-stem-mount-0-7ltr/,/shop#!/h/p/809017724,PRO GRAVEL BAG BOTTLE HANDLEBAR STEM MOUNT 0.7Ltr
/product/pro-gravel-bag-phone-pouch-gray-waterproof/,/shop#!/h/p/809017724,PRO GRAVEL BAG PHONE POUCH GRAY WATERPROOF
/product/pro-gravel-bag-frame-compact-gray-2-7ltr/,/shop#!/t/p/809016739,PRO GRAVEL BAG FRAME COMPACT GRAY 2.7Ltr
/product/pro-gravel-bag-saddle-tool-pack-0-6ltr/,/shop#!/t/p/809016739,PRO GRAVEL BAG SADDLE TOOL PACK 0.6Ltr
/product/pro-gravel-bag-top-tube-0-7ltr/,/shop#!/t/p/809016739,PRO GRAVEL BAG TOP TUBE 0.7Ltr
/product/pro-gravel-bag-frame-5-5ltr/,/shop#!/t/p/809016739,PRO GRAVEL BAG FRAME 5.5Ltr
/product/pro-gravel-bag-handlebar-small-2-5ltr/,/shop#!/h/p/809017724,PRO GRAVEL BAG HANDLEBAR SMALL 2.5Ltr
/product/pro-wheelbag-black/,/shop#!/h/p/809017724,PRO WHEELBAG BLACK
/product/pro-bike-travel-case-with-frame/,/shop#!/h/p/809017724,PRO BIKE TRAVEL CASE with FRAME
/product/pro-wheelbag-29er-double-sided-for-2-wheels/,/shop#!/h/p/809017724,PRO WHEELBAG 29er DOUBLE SIDED for 2 WHEELS
/product/northwave-extreme-pro/,/shop#!/Northwave-Extreme-Pro-3/p/809037285,Northwave Extreme Pro
/product/northwave-extreme-pro-womens/,/shop#!/Northwave-Extreme-Pro-3/p/809037285,Northwave Extreme Pro Womens
/product/northwave-revolution-2/,/shop#!/Northwave-Revolution-3/p/809035765,Northwave Revolution 2
/product/northwave-extreme-gt2/,/shop#!/h/p/809017724,Northwave Extreme GT2
/product/northwave-extreme-gt-womens/,/shop#!/h/p/809017724,Northwave Extreme GT Womens
/product/northwave-core-2/,/shop#!/h/p/809017724,Northwave Core 2
/product/northwave-core-2-plus-wide/,/shop#!/h/p/809017724,Northwave Core 2 Plus Wide
/product/northwave-storm/,/shop#!/h/p/809017724,Northwave Storm
/product/northwave-storm-womens/,/shop#!/h/p/809017724,Northwave Storm Womens
/product/bbb-loud-clear-bell/,/shop#!/BBB-Loud-&-Clear-Bell/p/808983779,BBB Loud & Clear Bell
/product/northwave-spider-2/,/shop#!/h/p/809017724,Northwave Spider 2
/product/northwave-spider-2-plus/,/shop#!/h/p/809017724,Northwave Spider 2 Plus
/product/northwave-escape-evo/,/shop#!/h/p/809017724,Northwave Escape Evo
/product/nothwave-outcross-knit/,/shop#!/h/p/809017724,Nothwave Outcross Knit
/product/northwave-origin-plus/,/shop#!/h/p/809017724,Northwave Origin Plus
/product/northwave-origin-plus-2/,/shop#!/h/p/809017724,Northwave Origin Plus 2
/product/northwave-rebel-2/,/shop#!/h/p/809017724,Northwave Rebel 2
/product/northwave-speed-socks/,/shop#!/h/p/809017724,Northwave Speed Socks
/product/northwave-switch-socks/,/shop#!/Northwave-Switch-Socks/p/808983890,Northwave Switch Socks
/product/bbb-airboost-floor-pump/,/shop#!/BBB-Airboost-Floor-Pump-3-0-BFP-28/p/809004956,BBB AirBoost Floor Pump
/product/bbb-samurai-mini-pump/,/shop#!/i/p/809018581,BBB Samurai Mini Pump
/product/bbb-easylift-tire-levers/,/shop#!/i/p/809018581,BBB EasyLift Tire Levers
/product/bbb-combipack-m/,/shop#!/i/p/809018581,BBB CombiPack M
/product/bbb-combipack-s/,/shop#!/BBB-Combipack-S-Accessories-BSB-51/p/808984052,BBB CombiPack S
/product/alpinestars-paragon-lite-elbow-protector-black/,/shop#!/Alpinestars-Paragon-Lite-Elbow-Protector/p/808984069,Alpinestars Paragon Lite Elbow Protector Black
/product/alpinestars-paragon-lite-knee-protector-black/,/shop#!/Alpinestars-Paragon-Lite-Knee-Protector/p/809011489,Alpinestars Paragon Lite Knee Protector Black
/product/alpinestars-paragon-lite-youth-knee-protector/,/shop#!/Alpinestars-Paragon-Lite-Youth-Knee-Protector/p/808983823,Alpinestars Paragon Lite Youth Knee Protector
/product/100-r-core-x-pants-blk-white/,/shop#!/h/p/809017724,100% R-CORE X Pants Blk/White
/product/100-r-core-x-pants-vapor/,/shop#!/t/p/809016739,100% R-CORE X Pants Vapor
/product/100-r-core-x-shorts-black/,/shop#!/h/p/809017724,100% R-CORE Shorts Black
/product/100-r-core-x-shorts-black-2/,/shop#!/h/p/809017724,100% R-CORE X Shorts Black
/product/100-r-core-pants-black/,/shop#!/t/p/809016739,100% R-CORE Pants Black
/product/100-airmatic-3-4-jersey-black-red/,/shop#!/i/p/809018581,100% AIRMATIC 3/4 Jersey Black/Red
/product/100-airmatic-jersey-black-charcoal/,/shop#!/100-Airmatic-Short-Sleeve-Jersey/p/809026286,100% AIRMATIC Short Sleeve Jersey
/product/100-r-core-youth-shorts-black/,/shop#!/h/p/809017724,100% R-CORE Youth Shorts Black
/product/100-r-core-youth-jersey/,/shop#!/h/p/809017724,100% R-CORE Youth Jersey
/product/100-ridecamp-shorts-black/,/shop#!/h/p/809017724,100% RIDECAMP Shorts Black
/product/thumbs-up-puncture-repair-kit/,/shop#!/h/p/809017724,Thumbs Up Puncture Repair Kit
/product/100-accuri-2-goggle/,/shop#!/100-Accuri-2-Goggles/p/809003298,100% ACCURI 2 Goggle
/product/100-strata-2-goggle-black-clear-lens/,/shop#!/t/p/809016739,100% STRATA 2 Goggle Black - Clear Lens
/product/100-strata-2-goggle-mirror/,/shop#!/i/p/809018581,100% STRATA 2 Goggle Mirror
/product/100-strata-2-youth-goggle-clear/,/shop#!/h/p/809017724,100% STRATA 2 Youth Goggle Clear
/product/100-strata-2-youth-goggle-mirror/,/shop#!/h/p/809017724,100% STRATA 2 Youth Goggle Mirror
/product/100-accuri-2-premium-youth-goggle/,/shop#!/h/p/809017724,100% ACCURI 2 Premium Youth Goggle
/product/shimano-sh12-center-pivot-cleat-blue/,/shop#!/h/p/809017724,Shimano SH12 Center Pivot Cleat Blue
/product/shimano-sh10-fixed-cleat-red/,/shop#!/h/p/809017724,Shimano SH10 Fixed Cleat Red
/product/xds-city-24-folding-bike/,/shop#!/XDS-City-folding-bike-20/p/808984232,XDS City 24 Folding Bike 2022
/product/xds-city-20-folding-bike/,/shop#!/XDS-E-City-20-Folding-E-Bike/p/809035474,XDS City 20 Folding Bike
/product/radio-bike-co-asura-dirt-jumper/,/shop#!/Radio-Asura-Dirt-Jumper/p/809017727,Radio Bike Co ASURA Dirt Jumper
/product/radio-bike-co-minotaur-dirt-jumper/,/shop#!/Radio-Minotaur-Dirt-Jumper/p/809019369,Radio Bike Co Minotaur Dirt Jumper
/product/radio-bike-co-griffin-dirt-jumper/,/shop#!/Radio-Co-Griffin-Dirt-Jumper/p/809021772,Radio Bike Co GRIFFIN Dirt Jumper
/product/rock-n-roll-gold-chain-lube-118ml/,/shop#!/h/p/809017724,Rock N Roll Gold Chain Lube 118ml
/product/rock-n-roll-extreme-chain-lube-118ml/,/shop#!/h/p/809017724,Rock N Roll Extreme Chain Lube 118ml
/product/rock-n-roll-absolute-dry-chain-lube-118ml/,/shop#!/h/p/809017724,Rock N Roll Absolute Dry Chain Lube 118ml
/product/sunday-20-blueprint-bmx/,/shop#!/i/p/809018581,"Sunday 20\"" Blueprint BMX"
/product/sunday-20-primer-bmx/,/shop#!/Sunday-Primer-BMX/p/808984512,"Sunday 20\"" Primer BMX"
/product/sunday-20-scout-bmx/,/shop#!/t/p/809016739,"Sunday 20\"" Scout BMX"
/product/sunday-18-primer-bmx/,/shop#!/Sunday-Primer-BMX/p/808984512,"Sunday 18\"" Primer BMX"
/product/zefal-console-pack-t-large/,/shop#!/t/p/809016739,Zefal Console Pack T Large
/product/zefal-console-pack-t-medium/,/shop#!/i/p/809018581,Zefal Console Pack T Medium
/product/zefal-frame-bag-z-adventure-c-series-2-2ltr/,/shop#!/i/p/809018581,Zefal frame Bag Z Adventure C Series 2.2LTR
/product/zefal-frame-bag-z-aero-0-4ltr/,/shop#!/t/p/809016739,Zefal Frame Bag Z Aero 0.4LTR
/product/zefal-frame-bag-z-race-medium/,/shop#!/i/p/809018581,Zefal Frame Bag Z Race Medium
/product/zefal-frame-bag-z-console-pack-medium/,/shop#!/i/p/809018581,Zefal Frame Bag Z-Console Pack Medium
/product/zefal-handlebar-bag-7ltr/,/shop#!/h/p/809017724,Zefal Handlebar Bag 7LTR
/product/zefal-pannier-bag-z-traveler-60-rack/,/shop#!/i/p/809018581,Zefal Pannier Bag Z Traveler 60 Rack
/product/zefal-saddle-bags-z-light-pack-medium/,/shop#!/h/p/809017724,Zefal Saddle Bags Z Light Pack Medium
/product/zefal-wiiz-bottle-cage/,/shop#!/i/p/809018581,Zefal Wiiz Bottle Cage
/product/zefal-water-bottle-pulse-b2-20/,/shop#!/t/p/809016739,Zefal Water Bottle Cage Pulse B2 20
/product/zefal-spring-bottle-cage/,/shop#!/i/p/809018581,Zefal Spring Bottle Cage
/product/zefal-sense-pro-65-water-bottle/,/shop#!/t/p/809016739,Zefal Sense Pro 65 Water Bottle
/product/zefal-sense-pro-80-water-bottle/,/shop#!/t/p/809016739,Zefal Sense Pro 80 Water Bottle
/product/camelbak-podium-700ml-bottle/,/shop#!/i/p/809018581,CamelBak Podium 700ml Bottle
/product/funn-grips-holeshot-one-sided-lock-triple-fin-30-5mm/,/shop#!/h/p/809017724,Funn Grips Holeshot One Sided Lock Triple Fin 30.5mm
/product/funn-grips-hilt-es-full-rubber-130mm/,/shop#!/h/p/809017724,Funn Grips Hilt ES Full Rubber 130mm
/product/funn-grips-hilt-one-sided-lock-130mm/,/shop#!/h/p/809017724,Funn Grips Hilt One Sided Lock 130mm
/product/funn-pedal-ripper-with-steel-gold-pins/,/shop#!/h/p/809017724,Funn Pedal Ripper with Steel Gold Pins
/product/funn-pedal-funndamental-with-steel-black-pins/,/shop#!/h/p/809017724,Funn Pedal Funndamental with Steel Black Pins
/product/funn-skinny-saddle/,/shop#!/i/p/809018581,Funn Skinny Saddle
/product/funn-launch-2-saddle/,/shop#!/h/p/809017724,Funn Launch 2 Saddle
/product/funn-adlib-hd-saddle/,/shop#!/h/p/809017724,Funn Adlib HD Saddle
/product/funn-remote-lever-for-droppers/,/shop#!/t/p/809016739,Funn remote Lever for Droppers
/product/funn-dropper-post-lever-updown-31-6-422mm-125mm-travel-external-routing/,/shop#!/i/p/809018581,Funn Dropper Post & Lever - Updown 31.6/422mm - 125mm Travel External Routing
/product/funn-dropper-post-lever-updown-30-9-422mm-125mm-travel-external-routing/,/shop#!/i/p/809018581,Funn Dropper Post & Lever Updown 30.9/422mm-125mm Travel External Routing
/product/funn-stem-equalizer-35-0-50mm-10mm-drop-rise-steer-1-1-8-inch/,/shop#!/h/p/809017724,Funn Stem Equalizer 35.0-50mm-10mm Drop/Rise Steer 1-1/8 Inch
/product/funn-stem-equalizer-35-0-42mm-10mm-drop-rise-steer-1-1-8-inch/,/shop#!/h/p/809017724,Funn Stem Equalizer 35.0-42mm-10mm Drop/Rise Steer 1-1/8 Inch
/product/funn-stem-equalizer-31-8-35mm-10mm-drop-rise-steer-1-1-8-inch/,/shop#!/h/p/809017724,Funn Stem Equalizer 31.8-35mm-10mm Drop/Rise Steer 1-1/8 Inch
/product/funn-stem-equalizer-35-0-35mm-10mm-drop-rise-steer-1-1-8-inch/,/shop#!/h/p/809017724,Funn Stem Equalizer 35.0-35mm-10mm Drop/Rise Steer 1-1/8 Inch
/product/funn-stem-equalizer-31-8-50mm-10mm-drop-rise-steer-1-1-8-inch/,/shop#!/h/p/809017724,Funn Stem Equalizer 31.8-50mm-10mm Drop/Rise Steer 1-1/8 Inch
/product/funn-stem-equalizer-31-8-42mm-10mm-drop-rise-steer-1-1-8-inch/,/shop#!/h/p/809017724,Funn Stem Equalizer 31.8-42mm-10mm Drop/Rise Steer 1-1/8 Inch
/product/six-six-one-661-dbo-knee-protection/,/shop#!/i/p/809018581,Six Six One 661 DBO Knee Protection
/product/six-six-one-661-dbo-elbow-protection/,/shop#!/i/p/809018581,Six Six One 661 DBO Elbow Protection
/product/prodigy-complete-s9-black-oil-slick-scooter/,/shop#!/i/p/809018581,Prodigy Complete S9 Black Oil Slick Scooter
/product/prodigy-complete-s9-galaxy-scooter/,/shop#!/i/p/809018581,Prodigy Complete S9 Galaxy Scooter
/product/prodigy-complete-s9-hex-scooter/,/shop#!/Prodigy-Complete-Stunt-Scooter/p/809034514,Prodigy Complete S9 Hex Scooter
/product/prodigy-complete-s9-oil-slick-scooter/,/shop#!/i/p/809018581,Prodigy Complete S9 Oil Slick Scooter
/product/prodigy-complete-s9-street-black-scooter/,/shop#!/i/p/809018581,Prodigy Complete S9 Street Black Scooter
/product/prodigy-complete-s9-street-grey-scooter/,/shop#!/i/p/809018581,Prodigy Complete S9 Street Grey Scooter
/product/prodigy-complete-s9-street-white-scooter/,/shop#!/h/p/809017724,Prodigy Complete S9 Street White Scooter
/product/prodigy-complete-s9-toxic-scooter/,/shop#!/Prodigy-Complete-Stunt-Scooter/p/809034514,Prodigy Complete S9 Toxic Scooter
/product/radio-bike-co-22-7tt-asura-pro-26/,/shop#!/Radio-Asura-Pro-Dirt-Jumper/p/809018590,Radio Bike Co Asura Pro Dirt Jumper
/product/leatt-gloves-mtb-2-0-subzero/,/shop#!/t/p/809016739,Leatt Gloves MTB 2.0 SubZero
/product/leatt-gloves-mtb-1-0-gripr-junior-v22/,/shop#!/i/p/809018581,Leatt Gloves MTB 1.0 GripR Junior V22
/product/leatt-gloves-mtb-2-0-x-flow/,/shop#!/t/p/809016739,Leatt Gloves MTB 2.0 X-Flow
/product/sks-tom-7-mini-tool/,/shop#!/i/p/809018581,SKS Tom 7 Mini Tool
/product/sks-tom-14-mini-tool/,/shop#!/i/p/809018581,SKS Tom 14 Mini Tool
/product/sks-tom18-mini-tool/,/shop#!/i/p/809018581,SKS Tom18 Mini Tool
/product/sks-inject-t-zoom-silver/,/shop#!/i/p/809018581,SKS Inject T-Zoom Silver
/product/sks-rookie-xl-black-hand-pump/,/shop#!/h/p/809017724,SKS Rookie XL Black Hand Pump
/product/sks-rookie-xs-black-hand-pump/,/shop#!/h/p/809017724,SKS Rookie XS Black Hand Pump
/product/hollywood-express-3-bike-rack/,/shop#!/Hollywood-Express-3-Bike-Rack/p/808983810,Hollywood Express 3 Bike Rack
/product/icetoolz-bar-8-multi-function-torque-tool/,/shop#!/i/p/809018581,IceToolz Bar 8 Multi Function Torque Tool
/product/icetoolz-bar-5-multi-function-tool/,/shop#!/i/p/809018581,IceToolz Bar 5 Multi Function Tool
/product/100-airmatic-long-sleeve-jersey/,/shop#!/100-Airmatic-Long-Sleeve-Jersey/p/809021812,100% Airmatic Long Sleeve Jersey
/product/100-airmatic-long-sleeve-camo-jersey/,/shop#!/100-Airmatic-Long-Sleeve-Jersey/p/809021812,100% Airmatic Long Sleeve Camo Jersey
/product/100-airmatic-short-sleeve-camo-jersey/,/shop#!/100-Airmatic-Short-Sleeve-Jersey/p/809026286,100% Airmatic Short Sleeve Camo Jersey
/product/crackerjack-youth-helmet-52-57cm/,/shop#!/h/p/809017724,Crackerjack Youth Helmet 52-57cm
/product/pro-tec-old-school-certified-bike-helmet/,/shop#!/h/p/809017724,Pro Tec Old School Certified Bike Helmet
/product/azur-alloy-touring-carrier/,/shop#!/i/p/809018581,Azur Alloy Touring Carrier
/product/azur-co2-aircartridge-25g/,/shop#!/i/p/809018581,Azur Co2 Aircartridge 25g
/product/azur-commuter-rear-panniers-pair/,/shop#!/Azur-Commuter-Rear-Pannier-pair/p/809034597,Azur Commuter Rear Panniers (Pair)
/product/thee-star-hex-wrench-2-2-5-3mm/,/shop#!/h/p/809017724,BBB Thee Star Hex Wrench
/product/bbb-nautilus-ii-chain-rivet-tool/,/shop#!/h/p/809017724,BBB Nautilus II Chain Rivet Tool
/product/bbb-turner-ii-spoke-wrench/,/shop#!/h/p/809017724,BBB Turner II Spoke Wrench
/product/bbb-powerpull-crank-puller/,/shop#!/BBB-Powerpull-Crank-Puller-BTL-14/p/809006868,BBB Powerpull Crank Puller
/product/bbb-fastcut-cable-cutter/,/shop#!/BBB-FastCut-Cable-Cutter-BTL-16/p/808973738,BBB Fastcut Cable Cutter
/product/bbb-turntable-ii-freewheel-turner/,/shop#!/h/p/809017724,BBB Turntable II Freewheel Turner
/product/bbb-torqueset-adjustable-torque-tool/,/shop#!/BBB-TourqueSet-Adjustable-Torque-Tool-BTL-73/p/808973715,BBB Torqueset Adjustable Torque Tool
/product/bbb-hosekit-pump-head/,/shop#!/h/p/809017724,BBB Hosekit Pump Head
/product/bbb-airshock-mini-pump/,/shop#!/h/p/809017724,BBB Airshock Mini Pump
/product/bbb-traveller-telescopic-mini-pump/,/shop#!/BBB-Traveller-Telescopic-Mini-Pump-BMP-53/p/809004877,BBB Traveller Telescopic Mini Pump
/product/focus-atlas-6-8-gravel-bike-2023/,/shop#!/i/p/809018581,Focus Atlas 6.8 Gravel Bike 2023
/product/sis-water-bottle-600ml/,/shop#!/SIS-Water-Bottle-600ml/p/809006787,SIS Water Bottle 600ml
/product/sis-go-isotonic-energy-variety-pack-7-x-60ml/,/shop#!/i/p/809018581,SIS Go Isotonic Energy Variety Pack 7 x 60ml
/product/sis-go-plus-isotonic-energy-gels-60ml/,/shop#!/SIS-GO-Plus-Isotonic-Energy-Gels-6-x-60ml/p/809006906,SIS Go Plus Isotonic Energy Gels 60ml
/product/sis-hydro-tablet-with-vitamin-c-and-iron-20-tablets/,/shop#!/h/p/809017724,SIS Hydro Tablet With Vitamin C and Iron 20 Tablets
/product/sis-go-hydro-caffeine-with-added-b-vitamins-20-tablets/,/shop#!/h/p/809017724,SIS Go Hydro + Caffeine with added B Vitamins 20 Tablets
/product/sis-go-energy-electrolyte-gels-60ml/,/shop#!/SIS-Go-Energy-Electrolyte-Gels-60ml/p/809004439,SIS Go Energy + Electrolyte Gels 60ml
/product/sis-go-plus-caffeine-gels-double-espresso-60ml/,/shop#!/i/p/809018581,SIS Go Plus Caffeine Gels Double Espresso 60ML
/product/sis-gel-beta-fuel-orange-60ml/,/shop#!/i/p/809018581,SIS Gel Beta Fuel Orange 60ml
/product/trek-domane-slr-6-axs-gen-4-road-bike/,/shop#!/i/p/809018581,Trek Domane SLR 6 AXS Gen 4 Road Bike
/product/magicshine-front-light-allty-200-bike-light/,/shop#!/h/p/809017724,MAGICSHINE Front Light ALLTY 200 Bike Light
/product/magicshine-front-light-allty-600-bike-light/,/shop#!/h/p/809017724,MAGICSHINE Front Light ALLTY 600 Bike Light
/product/magicshine-front-light-allty-1000-bike-light/,/shop#!/h/p/809017724,MAGICSHINE Front Light ALLTY 1000 Bike Light
/product/magicshine-front-light-rn-1200-bike-light/,/shop#!/h/p/809017724,MAGICSHINE Front Light RN 1200 Bike Light
/product/magicshine-rear-light-seemee-30-bike-light/,/shop#!/h/p/809017724,MAGICSHINE Rear Light - SeeMee 30 Bike Light
/product/magicshine-rear-light-seemee-60-brake-sensor-bike-light/,/shop#!/h/p/809017724,MAGICSHINE Rear Light - SeeMee 60 - Brake Sensor Bike Light
/product/magicshine-rear-light-seemee-150-brake-ambient-light-sensor-bike-light/,/shop#!/h/p/809017724,MAGICSHINE Rear Light SeeMee 150 Brake & Ambient Light Sensor Bike Light
/product/focus-atlas-8-7-gravel-bike/,/shop#!/Focus-Atlas-8-7-Gravel-Bike-2023-RRP-$4499/p/809025669,Focus Atlas 8.7 Gravel Bike
/product/radio-26-fiend-dirt-jumper-bike/,/shop#!/i/p/809018581,Radio 26 Fiend Dirt Jumper Bike
/product/limar-champ-helmet-52-58cm/,/shop#!/h/p/809017724,Limar Champ Helmet 52-58cm
/product/bontrager-tyro-youth-bike-helmet/,/shop#!/h/p/809017724,Bontrager Tyro Youth Bike Helmet
/product/met-eldar-mtb-helmet/,/shop#!/Met-Eldar-Helmet/p/809035798,Met Eldar MTB Helmet
/product/bontrager-circuit-twin-gel-glove/,/shop#!/i/p/809018581,Bontrager Circuit Twin Gel Glove
/product/bontrager-elite-recycled-water-bottle-cage/,/shop#!/i/p/809018581,Bontrager Elite Recycled Water Bottle Cage
/product/bontrager-pro-carbon-water-bottle-cage/,/shop#!/t/p/809016739,Bontrager Pro Carbon Water Bottle Cage
/product/lelumia-dual-headlight/,/shop#!/h/p/809017724,Lelumia Dual Headlight
/product/bontrager-tyre-lever/,/shop#!/t/p/809016739,Bontrager Tyre Lever
/product/unior-tyre-levers/,/shop#!/Unior-Tyre-Levers/p/809035320,Unior Tyre Levers
/product/leatt-airflex-pro-knee-guard/,/shop#!/i/p/809018581,Leatt Airflex Pro Knee Guard
/product/leatt-youth-knee-guard-3df-5-0/,/shop#!/h/p/809017724,Leatt Youth Knee Guard 3DF 5.0
/product/bontrager-elite-keyed-chain-lock/,/shop#!/Bontrager-Elite-Keyed-Folding-Lock/p/809027550,Bontrager Elite Keyed Chain Lock
/product/focus-atlas-6-8-gravel-bike-2024/,/shop#!/i/p/809018581,Focus Atlas 6.8 Gravel Bike 2024
/product/ulac-neozip-air-just-combo-steel-blade-lock/,/shop#!/i/p/809018581,Ulac Neozip Air Just Combo Steel Blade Lock
/product/ulac-st-fighter-mono-chain-combo-lock/,/shop#!/h/p/809017724,Ulac St Fighter Mono Chain Combo Lock
/product/ulac-bauhaus-neo-cable-anti-dust-lid-lock/,/shop#!/h/p/809017724,Ulac Bauhaus Neo Cable Anti-Dust Lid Lock
/product/ulac-brooklyn-silicon-shackle-lock/,/shop#!/h/p/809017724,Ulac Brooklyn Silicon Shackle Lock
/product/ulac-monoblade-steel-folding-lock/,/shop#!/Ulac-Monoblade-Steel-Embedded-Folding-Lock/p/809021930,Ulac Monoblade Steel Folding Lock
/product/ulac-soloist-silicon-steel-shackle-lock/,/shop#!/h/p/809017724,Ulac Soloist Silicon Steel Shackle Lock
/product/ulac-stockholm-super-duty-steel-shackle-lock/,/shop#!/h/p/809017724,Ulac Stockholm Super Duty Steel Shackle Lock
/product/shotgun-front-mounted-child-bike-seat/,/shop#!/h/p/809017724,Shotgun Front Mounted Child Bike Seat
/product/fizik-bar-tape-tempo-microtex-2mm-classic/,/shop#!/i/p/809018581,Fizik Bar Tape Tempo Microtex 2mm Classic
/product/fizik-bar-tape-vento-microtex-2mm-tacky-bi-colour-fluro/,/shop#!/i/p/809018581,Fizik Bar Tape Vento Microtex 2mm Tacky Bi Colour Fluro
/product/fizik-bar-tape-vento-microtex-tacky-2mm-road-race/,/shop#!/i/p/809018581,Fizik Bar Tape Vento Microtex Tacky 2mm Road/Race
/product/bontrager-perf-line-handlebar-tape-set/,/shop#!/h/p/809017724,Bontrager Perf Line Handlebar Tape Set
/product/bontrager-se-elite-recycled-grip-set/,/shop#!/i/p/809018581,Bontrager SE Elite Recycled Grip Set
/product/trek-bottles-of-australia-550ml-water-bottle/,/shop#!/i/p/809018581,Trek Bottles of Australia 550ml Water Bottle
/product/bontrager-ion-100-r-flare-r-city-bike-light-set/,/shop#!/h/p/809017724,Bontrager Ion 100 R/Flare R City Bike Light Set
/product/ulac-neo-chain-steel-kombat-7mm-x-100cm/,/shop#!/h/p/809017724,Ulac Neo Chain Steel Kombat 7mm x 100cm
/product/smartmotion-midcity-24-electric-bike/,/shop#!/i/p/809018581,Smartmotion MidCity 24 Electric Bike
/product/11798/,/shop#!/h/p/809017724,Trek Tyro Youth Bike Helmet
/product/met-hooray-kids-helmet/,/shop#!/Met-Hooray-MIPS-Kids-Helmet/p/809025641,MET Hooray Kids Helmet
/product/26-griffin-pro-bike/,/shop#!/Radio-Co-Griffin-Pro-Dirt-Jumper/p/809019397,Radio Co Griffin Pro Dirt Jumper Bike
/product/jamis-dakar-dual-suspension-mtb-2022/,/shop#!/i/p/809018581,Jamis Dakar Dual Suspension MTB (2022)
/product/super-b-professional-bike-stand/,/shop#!/i/p/809018581,Super B Professional Bike Stand
/product/bontrager-elite-keyed-chain-lock-2/,/shop#!/Bontrager-Elite-Keyed-Folding-Lock/p/809027550,Bontrager Elite Keyed Chain Lock
/product/bontrager-comp-combo-cable-lock-2/,/shop#!/t/p/809016739,Bontrager Comp Combo Cable Lock
/product/bontrager-cable-combo-lock/,/shop#!/t/p/809016739,Bontrager Cable Combo Lock
/product/bontrager-aeolus-comp-bike-saddle/,/shop#!/i/p/809018581,Bontrager Aeolus Comp Bike Saddle
/product/bontrager-verse-short-comp-bike-saddle/,/shop#!/h/p/809017724,Bontrager Verse Short Comp Bike Saddle
/product/bontrager-commuter-comp-bike-saddle/,/shop#!/i/p/809018581,Bontrager Commuter Comp Bike Saddle
/product/bontrager-air-support-hp-s-road-pump/,/shop#!/h/p/809017724,Bontrager Air Support HP S Road Pump
/product/bontrager-air-support-hv-mtb-pump/,/shop#!/h/p/809017724,Bontrager Air Support HV MTB Pump
/product/bontrager-charger-floor-pump/,/shop#!/h/p/809017724,Bontrager Charger Floor Pump
/product/bontrager-dual-charger-floor-pump/,/shop#!/h/p/809017724,Bontrager Dual Charger Floor Pump
/product/bontrager-air-rush-elite-co%e2%82%82-inflater/,/shop#!/h/p/809017724,Bontrager Air Rush Elite CO₂ Inflater
/product/bontrager-flat-pack/,/shop#!/t/p/809016739,Bontrager Flat Pack
/product/bontrager-elite-multi-tool/,/shop#!/i/p/809018581,Bontrager Elite Multi-Tool
/product/bontrager-comp-multi-tool/,/shop#!/i/p/809018581,Bontrager Comp Multi-Tool
/product/bontrager-gotime-cycling-computer/,/shop#!/i/p/809018581,Bontrager GOtime Cycling Computer
/product/bontrager-ridetime-elite-cycling-computer/,/shop#!/i/p/809018581,Bontrager RIDEtime Elite Cycling Computer
/product/bontrager-elite-blendr-stem/,/shop#!/i/p/809018581,Bontrager Elite Blendr Stem
/product/bontrager-xxx-vr-c-road-handlebar/,/shop#!/h/p/809017724,Bontrager XXX VR-C Road Handlebar
/product/bontrager-pro-vr-c-road-handlebar/,/shop#!/h/p/809017724,Bontrager Pro VR-C Road Handlebar
/product/bontrager-gr-elite-road-handlebar/,/shop#!/h/p/809017724,Bontrager GR Elite Road Handlebar
/product/bontrager-elite-aero-vr-cf-road-handlebars/,/shop#!/h/p/809017724,Bontrager Elite Aero VR-CF Road Handlebars
/product/bontrager-r2-hard-case-lite-road-tyre-700c-x-28mm/,/shop#!/h/p/809017724,Bontrager R2 Hard-Case Lite Road Tyre 700C x 28mm
/product/bontrager-r2-hard-case-lite-road-tyre-700c-x-25mm/,/shop#!/h/p/809017724,Bontrager R2 Hard-Case Lite Road Tyre 700C x 25mm
/product/bontrager-r3-hard-case-lite-road-tyre-700c-x-28mm/,/shop#!/h/p/809017724,Bontrager R3 Hard-Case Lite Road Tyre 700C x 28mm
/product/bontrager-xr3-team-issue-tlr-legacy-tread-mtb-tyre-27-5-x-2-35/,/shop#!/Bontrager-XR3-Team-Issue-TLR-Legacy-Tread-MTB-Tyre/p/809011433,"Bontrager XR3 Team Issue TLR Legacy Tread MTB Tyre 27.5\"" x 2.35\"""
/product/bontrager-aw3-hard-case-lite-road-tyre-700c-x-32mm/,/shop#!/h/p/809017724,Bontrager AW3 Hard-Case Lite Road Tyre 700C x 32mm
/product/bontrager-aw3-hard-case-lite-road-tyre-700c-x-28mm/,/shop#!/h/p/809017724,Bontrager AW3 Hard-Case Lite Road Tyre 700C x 28mm
/product/bontrager-gr2-team-issue-gravel-tyre-700c-x-40mm/,/shop#!/i/p/809018581,Bontrager GR2 Team Issue Gravel Tyre 700C x 40mm
/product/bontrager-gr1-team-issue-gravel-tyre-700c-x-35mm/,/shop#!/i/p/809018581,Bontrager GR1 Team Issue Gravel Tyre 700C x 35mm
/product/bontrager-elite-seat-pack-0-93-l/,/shop#!/i/p/809018581,Bontrager Elite Seat Pack 0.93 L
/product/bontrager-elite-seat-pack-1-39l/,/shop#!/i/p/809018581,Bontrager Elite Seat Pack 1.39L
/product/bontrager-elite-seat-pack-1-73-2-23l/,/shop#!/i/p/809018581,Bontrager Elite Seat Pack 1.73-2.23L
/product/trek-domane-sl-5-gen-4/,/shop#!/t/p/809016739,Trek Domane SL 5 Gen 4
/product/bontrager-hollow-6mm-water-bottle-cage/,/shop#!/h/p/809017724,Bontrager Hollow 6mm Water Bottle Cage
/product/bontrager-18oz-storage-bottle/,/shop#!/t/p/809016739,Bontrager 18oz Storage Bottle
/product/bontrager-kids-handlebar-bag/,/shop#!/h/p/809017724,Bontrager Kids Handlebar Bag
/product/bontrager-ion-elite-r-front-bike-light/,/shop#!/h/p/809017724,Bontrager Ion Elite R Front Bike Light
/product/bontrager-ion-comp-r-flare-r-city-bike-light-set/,/shop#!/h/p/809017724,Bontrager Ion Comp R/Flare R City Bike Light Set
/product/trek-line-elite-flat-pedal-set/,/shop#!/i/p/809018581,Trek Line Elite Flat Pedal Set
/product/trek-kovee-comp-clipless-pedal-set/,/shop#!/i/p/809018581,Trek Kovee Comp Clipless Pedal Set
/product/bontrager-commuter-pedal-set/,/shop#!/t/p/809016739,Bontrager Commuter Pedal Set
/product/bontrager-city-pedal-set/,/shop#!/i/p/809018581,Bontrager City Pedal Set
/product/weldtite-all-weather-lube-with-teflon/,/shop#!/h/p/809017724,Weldtite All-weather Lube with Teflon
/product/weldtite-ceramic-lube/,/shop#!/Weldtite-Ceramic-Lube-100ml/p/809016516,Weldtite Ceramic Lube
/product/weldtite-dry-wax/,/shop#!/i/p/809018581,Weldtite Dry Wax
/product/ride-mechanic-bike-milk-dry-lube-185ml/,/shop#!/h/p/809017724,Ride Mechanic Bike Milk Dry Lube 185mL
/product/ride-mechanic-bike-mix-endurance-lube-185ml/,/shop#!/h/p/809017724,Ride Mechanic Bike Mix Endurance Lube 185mL
/product/oxford-mint-dry-lube-150ml/,/shop#!/Oxford-Mint-Dry-Lube-150ml/p/809017609,Oxford Mint Dry Lube 150ml
/product/oxford-mint-wet-lube-150ml/,/shop#!/Oxford-Mint-Wet-Lube-150ml/p/809017612,Oxford Mint Wet Lube 150mL
/product/squirt-tyre-sealant-with-beadblock-1000ml/,/shop#!/h/p/809017724,Squirt Tyre Sealant with BeadBlock 1000mL
/product/hutchinson-protect-air-max-ust-tire-sealant-120ml/,/shop#!/h/p/809017724,Hutchinson Protect Air Max Ust Tire Sealant 120ml
/product/squirt-biodegradable-bike-cleaner-foam-spray-750ml/,/shop#!/Squirt-Biodegradable-Bike-Cleaner-750ml/p/809021635,Squirt Biodegradable Bike Cleaner Foam Spray 750mL
/product/morgan-blue-bike-wash-and-wax-1l/,/shop#!/Morgan-Blue-Bike-Wash-1L/p/808983825,Morgan Blue Bike Wash and Wax 1L
/product/squirt-biodegradable-bike-wash-concentrate-1l/,/shop#!/Squirt-Biodegradable-Bike-Cleaner-Concentrate-1L/p/809025616,Squirt Biodegradable Bike Wash Concentrate 1L
/product/bontrager-waterproof-grease-148ml/,/shop#!/t/p/809016739,Bontrager Waterproof Grease 148mL
/product/cyclesportz-tubeless-sealant-with-carbon-240ml/,/shop#!/Cyclesportz-Tubeless-Sealant/p/808983752,CycleSportz Tubeless Sealant with Carbon 240mL
/product/orange-seal-regular-tubeless-tyre-sealant-946ml-workshop-bottle/,/shop#!/h/p/809017724,Orange Seal Regular Tubeless Tyre Sealant - 946ml Workshop Bottle
/product/morgan-blue-chamois-softening-cream-for-ladies-200ml/,/shop#!/Morgan-Blue-Chamois-Cream-for-Ladies-200ml/p/808983886,Morgan Blue Chamois Softening Cream for Ladies 200mL
/product/aussie-butt-cream-100ml-tube/,/shop#!/i/p/809018581,Aussie Butt Cream 100ML Tube
/product/premax-chamois-cream-for-women-200ml/,/shop#!/Premax-Chamois-Cream-for-Women/p/809021961,Premax Chamois Cream for Women 200mL
/product/premax-chamois-cream-for-men-200ml/,/shop#!/Premax-Chamois-Cream-for-Women/p/809021961,Premax Chamois Cream for Men 200mL
/product/premax-warm-up-cream-formula-ep5-100g/,/shop#!/Premax-Warm-up-Cream-Formula-EP5-100ml/p/809025632,Premax Warm Up Cream Formula EP5 100G
/product/premax-weather-defense-facial-cream-50ml/,/shop#!/Premax-Weather-Defence-Facial-Cream-50ml/p/809021642,Premax Weather Defense Facial Cream 50mL
/product/premax-sunscreen-for-sports-spf-50-50ml/,/shop#!/Premax-Sunscreen-for-Sport-50-50ml/p/809021916,Premax Sunscreen for Sports SPF 50+ 50mL
/product/topeak-midloader-4-5l/,/shop#!/Topeak-Midloader-4-5L/p/809018652,Topeak Midloader 4.5L
/product/topeak-midloader-3l/,/shop#!/Topeak-Midloader-4-5L/p/809018652,Topeak Midloader 3L
/product/topeak-backloader-6l/,/shop#!/Topeak-Backloader-L/p/809035377,Topeak Backloader 6L
/product/topeak-toploader-1l/,/shop#!/t/p/809016739,Topeak Toploader 1L
/product/topeak-frontloader-8l/,/shop#!/t/p/809016739,Topeak Frontloader 8L
/product/leatt-shoe-2-0-flat-dune/,/shop#!/h/p/809017724,Leatt Shoe 2.0 Flat Dune
/product/leatt-shoe-3-0-flat-black/,/shop#!/h/p/809017724,Leatt Shoe 3.0 Flat Black
/product/skratch-labs-energy-chews-sport-fuel/,/shop#!/h/p/809017724,Skratch Labs Energy Chews Sport Fuel
/product/bluegrass-solid-d30-knee-pad/,/shop#!/i/p/809018581,Bluegrass Solid D30 Knee Pad
/product/bluegrass-solid-d30-elbow-pad/,/shop#!/i/p/809018581,Bluegrass Solid D30 Elbow Pad
/product/lezyna-strip-drive-pro-rear-blk-y1/,/shop#!/i/p/809018581,Lezyne Strip Drive Pro Rear
/product/lezyne-macro-1300xl-strip-pro-y13/,/shop#!/i/p/809018581,Lezyne Macro 1300XL/Strip Pro Y13
/product/lezyne-tubeless-tyre-repair-kit/,/shop#!/i/p/809018581,Lezyne Tubeless Tyre Repair Kit
/product/moon-sport-nova-pulsa-light/,/shop#!/h/p/809017724,Moon Sport Nova/Pulsa Light 100 Lumens
/product/maxx-pro-combination-lock-12mm-x-180cm/,/shop#!/i/p/809018581,Maxx Pro Combination Lock 12mm × 180cm
/product/maxx-pro-u-shackle-lock-115mm-x-230mm/,/shop#!/Maxx-Pro-U-Shackle-Lock-115mm-x-230mm/p/809019277,Maxx Pro U Shackle Lock 115mm × 230mm
/product/ulac-memory-system-1970-combination-lock/,/shop#!/i/p/809018581,ULAC Memory System 1970 Combination Lock
/product/kask-sinseti-helmet/,/shop#!/h/p/809017724,Kask Sinseti Helmet
/product/kask-mojito%c2%b3-helmet/,/shop#!/h/p/809017724,Kask Mojito³ Helmet
/product/lazer-lupo-kineticore-helmet/,/shop#!/h/p/809017724,Lazer Lupo Kineticore Helmet
/product/limar-scrambler-helmet/,/shop#!/h/p/809017724,Limar Scrambler Helmet
/product/met-crossover-helmet/,/shop#!/Met-Crossover-Helmet/p/809035786,Met Crossover Helmet
/product/azur-ladies-memory-foam-seat-cover/,/shop#!/i/p/809018581,Azur Ladies Memory Foam Seat Cover
/product/azur-alpha-saddle-black/,/shop#!/h/p/809017724,Azur Alpha Saddle Black
/product/bontrager-fitness-gel-saddle-cover/,/shop#!/i/p/809018581,Bontrager Fitness Gel Saddle Cover
/product/bontrager-boulevard-bike-saddle/,/shop#!/i/p/809018581,Bontrager Boulevard Bike Saddle
/product/slow-fit-foam-seat-cover-small/,/shop#!/i/p/809018581,Selle Royal Slow Fit Foam Seat Cover Small
/product/trek-marlin-7-gen-3-mtb-2024/,/shop#!/i/p/809018581,Trek Marlin 7 Gen 3 MTB 2025
/product/trek-marlin-6-gen-3-mtb-2024/,/shop#!/i/p/809018581,Trek Marlin 6 Gen 3 MTB 2025
/product/euro-optics-blade-sunglasses/,/shop#!/i/p/809018581,Euro Optics Blade Sunglasses
/product/euro-optics-descent-sunglasses/,/shop#!/i/p/809018581,Euro Optics Descent Sunglasses
/product/euro-optics-extreme-sunglasses/,/shop#!/Euro-Optics-Extreme-Glasses/p/809004460,Euro Optics Extreme Sunglasses
/product/euro-cycling-fortitude-sunglasses/,/shop#!/i/p/809018581,Euro Cycling Fortitude Sunglasses
/product/tifosi-aethon-sunglasses/,/shop#!/h/p/809017724,Tifosi Aethon Sunglasses
/product/light-motion-vis-500-bike-headlight/,/shop#!/Light-Motion-VIS500-Bike-Headlight/p/809021773,Light Motion VIS 500 Bike Headlight
/product/qbp-flare-70-lumen-rear-light/,/shop#!/QBP-Flare-70-Rear-Light/p/809019375,Qbp Flare 70 Lumen Rear Light
/product/bontrager-helmet-mount/,/shop#!/h/p/809017724,Bontrager Helmet Mount
/product/gusset-slim-jim-pedals-nylon/,/shop#!/i/p/809018581,Gusset Slim Jim Pedals Nylon
/product/ethirteen-base-pedal/,/shop#!/h/p/809017724,Ethirteen Base Pedal
/product/deity-deftrap-pedals/,/shop#!/i/p/809018581,Deity Deftrap Pedals
/product/kls-flat-pedals-50/,/shop#!/t/p/809016739,Kls Flat Pedals 50
/product/ryfe-sasquatch-pedal/,/shop#!/h/p/809017724,Ryfe Sasquatch Pedal
/product/azur-resin-grip-mtb-pedals/,/shop#!/i/p/809018581,Azur Resin Grip MTB Pedals
/product/minoura-spoke-wrench/,/shop#!/Minoura-NW-200-Spoke-wrench/p/809021506,Minoura Spoke Wrench
/product/crankbrothers-b8-multi-tool-kit/,/shop#!/h/p/809017724,Crankbrothers B8 Multi Tool Kit
/product/toopre-chain-checker/,/shop#!/h/p/809017724,Toopre Chain Checker
/product/tri-flow-superior-lubricant-aerosol/,/shop#!/Tri-Flow-Superior-Lubricant-Aerosol-Spray-170g/p/808984693,Tri-Flow Superior Lubricant Aerosol
/product/tri-flow-superior-lubricant-59ml/,/shop#!/Tri-Flow-Superior-Lubricant-59ml/p/809011326,Tri-Flow Superior Lubricant 59mL
/product/tri-flow-superior-lubricant-177ml/,/shop#!/Tri-Flow-Superior-Lubricant-177ml/p/809004984,Tri-Flow Superior Lubricant 177mL
/product/sks-germany-air-x-plorer-10-0-bike-pump/,/shop#!/i/p/809018581,SKS Germany AIR-X-PLORER 10.0 Bike Pump
/product/sks-germany-airkompressor-compact-10-0-bike-pump/,/shop#!/i/p/809018581,SKS Germany AIRKOMPRESSOR COMPACT 10.0 Bike Pump
/product/serfas-air-force-tier-two-floor-pump/,/shop#!/i/p/809018581,Serfas Air Force Tier Two Floor Pump
/product/leatt-mtb-gravity-1-0-v23-helmet/,/shop#!/h/p/809017724,Leatt MTB Gravity 1.0 V23 Helmet
/product/poc-essential-short-gloves/,/shop#!/POC-essential-short-Glove/p/809019312,Poc Essential Short Gloves
/product/poc-agile-short-gloves/,/shop#!/h/p/809017724,Poc Agile Short Gloves
/product/bontrager-windshell-cycling-toe-cover/,/shop#!/h/p/809017724,Bontrager Windshell Cycling Toe Cover
/product/bontrager-thermal-cycling-arm-warmer/,/shop#!/h/p/809017724,Bontrager Thermal Cycling Arm Warmer
/product/bontrager-thermal-leg-warmer/,/shop#!/h/p/809017724,Bontrager Thermal Leg Warmer
/product/bontrager-thermal-cycling-knee-warmer/,/shop#!/h/p/809017724,Bontrager Thermal Cycling Knee Warmer
/product/trek-solstice-cycling-shorts/,/shop#!/h/p/809017724,Trek Solstice Cycling Shorts
/product/trek-circuit-ltd-cycling-jersey/,/shop#!/i/p/809018581,Trek Circuit LTD Cycling Jersey
/product/bike-rakz-ezi-hold-wall-mounts/,/shop#!/h/p/809017724,Bike Rakz Ezi Hold Wall Mounts
/product/leatt-jersey-mtb-trail-1-0-x-flow-velvet/,/shop#!/i/p/809018581,Leatt Jersey MTB Trail 1.0 X-Flow Velvet
/product/leatt-jersey-mtb-enduro-3-0/,/shop#!/Leatt-Jersey-MTB-Enduro-3-0/p/809018584,Leatt Jersey MTB Enduro 3.0
/product/leatt-jersey-mtb-enduro-4-0/,/shop#!/Leatt-Jersey-MTB-Enduro-4-0/p/809018587,Leatt Jersey MTB Enduro 4.0
/product/envy-kos-s7-charge-complete-scooter/,/shop#!/h/p/809017724,Envy KOS S7 Charge Complete Scooter
/product/envy-kos-s7-heist-complete-scooter/,/shop#!/h/p/809017724,Envy KOS S7 Heist Complete Scooter
/product/leatt-glove-2-0-subzero-black/,/shop#!/t/p/809016739,Leatt Glove 2.0 Subzero Black
/product/leatt-glove-mtb-1-0-gripr-purple/,/shop#!/i/p/809018581,Leatt Glove MTB 1.0 Gripr Purple
/product/leatt-glove-mtb-3-0-lite-dune/,/shop#!/i/p/809018581,Leatt Glove MTB 3.0 Lite Dune
/product/fox-38-factory-27-5-15qr-my22-fork/,/shop#!/FOX-38-Factory-27-5-15QR-MY22-Fork/p/809026283,FOX 38 Factory 27.5 15QR MY22 Fork
/product/gussets-s2-lock-on-grips/,/shop#!/i/p/809018581,Gussets S2 Lock On Grips Black
/product/gusset-sleeper-xl-non-flanged-grips/,/shop#!/Gusset-Sleeper-Flanged-Grips/p/809034657,Gusset Sleeper XL Non Flanged Grips
/product/renthal-lock-on-grips/,/shop#!/h/p/809017724,Renthal Lock On Grips
/product/kwt-ergonomic-grip-2-side-lock/,/shop#!/i/p/809018581,KWT Ergonomic Grip 2 Side Lock
/product/kwt-ergonomic-lock-on-grips/,/shop#!/i/p/809018581,KWT Ergonomic Lock On Grips
/product/raceface-getta-grips/,/shop#!/i/p/809018581,Raceface Getta Grips
/product/funn-holeshot-grip/,/shop#!/h/p/809017724,Funn Holeshot Grip
/product/ergon-ga2-fat-lock-on-grip/,/shop#!/i/p/809018581,Ergon GA2 Fat Lock On Grip
/product/bontrager-air-rush-road-mini-pump/,/shop#!/Bontrager-Air-Rush-Road-Mini-Pump/p/809021783,Bontrager Air Rush Road Mini Pump
/product/super-b-versatile-cleaning-kit/,/shop#!/i/p/809018581,Super B Versatile Cleaning Kit
/product/super-b-bottom-bracket-wrench/,/shop#!/h/p/809017724,Super B Bottom Bracket Wrench
/product/the-dynaplug-repair-plugs-variety-pack/,/shop#!/h/p/809017724,The Dynaplug Repair Plugs Variety Pack
/product/bbb-bright-and-fresh-chain-cleaning-device/,/shop#!/h/p/809017724,BBB Bright and Fresh Chain Cleaning Device
/product/smartmotion-hypersonic-neo-ultra-e-bike/,/shop#!/Smartmotion-HypersonicNeo-Ultra/p/809035294,Smartmotion Hypersonic Neo Ultra E Bike
/product/dynaplug-tubeless-tyre-repair-plugs/,/shop#!/Dynaplug-Tyre-Repair-Plugs/p/809036831,Dynaplug Tubeless Tyre Repair Plugs
/product/tektro-basic-bleed-kit/,/shop#!/i/p/809018581,Tektro Basic Bleed Kit
/product/icetoolz-m095-bb-installation-tool/,/shop#!/i/p/809018581,Icetoolz M095 BB Installation Tool
/product/icetoolz-chain-scrubber/,/shop#!/h/p/809017724,Icetoolz Chain Scrubber
/product/icetoolz-stainless-steel-chain-checker/,/shop#!/h/p/809017724,Icetoolz Stainless Steel Chain Checker
/product/icetoolz-puncture-repair-kit/,/shop#!/i/p/809018581,Icetoolz Puncture Repair Kit
/product/icetoolz-3-45-mm-spoke-wrench/,/shop#!/h/p/809017724,Icetoolz 3.45 mm Spoke Wrench
/product/icetoolz-chain-tool-61m1/,/shop#!/h/p/809017724,IceToolz Chain Tool 61M1
/product/icetoolz-all-in-1-master-link-pliers/,/shop#!/i/p/809018581,Icetoolz All-In-1 Master Link Pliers
/product/ulac-radtail-neo-porter-bike-saddle/,/shop#!/i/p/809018581,Ulac Radtail Neo Porter Bike Saddle
/product/ulac-neo-porter-coursier-bike-porter-bag/,/shop#!/i/p/809018581,Ulac Neo Porter Coursier Bike Porter Bag
/product/osprey-escapist-bike-frame-bag/,/shop#!/i/p/809018581,Osprey Escapist 2.5L Bike Frame Bag
/product/osprey-escapist-2l-bike-frame-bag/,/shop#!/i/p/809018581,Osprey Escapist 2L Bike Frame Bag
/product/osprey-escapist-0-25l-top-tube-bike-bag/,/shop#!/i/p/809018581,Osprey Escapist 0.25L Top Tube Bike Bag
/product/ulac-neo-porter-coursierpak-bike-handlebar-bag/,/shop#!/h/p/809017724,Ulac Neo Porter Coursierpak Bike Handlebar Bag
/product/osprey-escapist-10l-handlebar-bag/,/shop#!/h/p/809017724,Osprey Escapist 10L Handlebar Bag
/product/sks-germany-racer-click-800/,/shop#!/i/p/809018581,SKS Germany Racer Click 800
/product/sks-germany-traveller-edge/,/shop#!/t/p/809016739,SKS Germany Traveller Edge
/product/sks-germany-explorer-straps-500/,/shop#!/t/p/809016739,SKS Germany Explorer Straps 500
/product/sks-germany-traveller-click-800/,/shop#!/i/p/809018581,SKS Germany Traveller Click 800
/product/azur-lightweight-saddle-bag-small/,/shop#!/h/p/809017724,Azur Lightweight Saddle Bag Small
/product/basil-discovery-365d-saddle-bag/,/shop#!/Basil-Discovery-365D-Saddle-Bag-Medium/p/809004452,Basil Discovery 365D Saddle Bag Medium
/product/basil-discovery-365d-saddle-bag-small/,/shop#!/Basil-Discovery-365D-Saddle-Bag-Small/p/809006933,Basil Discovery 365D Saddle Bag Small
/product/ridewrap-essential-mtb-gloss-frame-protection-kit/,/shop#!/i/p/809018581,RideWrap Essential MTB Gloss Frame Protection Kit
/product/super-b-21-piece-bicycle-tool-set-with-carry-case/,/shop#!/h/p/809017724,Super B 21-Piece Bicycle Tool Set with Carry Case
/product/toopre-bicycle-repair-workbench/,/shop#!/h/p/809017724,TOOPRE Bicycle Repair Workbench
/product/bontrager-fat-and-presta-valve-bicycle-tube/,/shop#!/i/p/809018581,Bontrager Fat and Presta Valve Bicycle Tube
/product/bontrager-standard-schrader-valve-bicycle-tube/,/shop#!/h/p/809017724,Bontrager Standard Schrader Valve Bicycle Tube
/product/bontrager-standard-presta-valve-bicycle-tube/,/shop#!/i/p/809018581,Bontrager Standard Presta Valve Bicycle Tube
/product/mitas-light-classic-presta-inner/,/shop#!/h/p/809017724,Mitas Light Classic Presta Inner
/product/cinema-inner-tube/,/shop#!/i/p/809018581,Cinema Inner Tube
/product/cst-inner-tube-20-x-3-5-4-0-schrader/,/shop#!/h/p/809017724,CST Inner Tube 20 x 3.5- 4.0 Schrader
/product/smartmotion-xcapade-e-bike/,/shop#!/i/p/809018581,Smartmotion Xcapade E Bike
/product/lotus-bicycle-cover-a-116l/,/shop#!/i/p/809018581,Lotus Bicycle Cover A-116L
/product/alpinestars-youth-sequence-neck-roll/,/shop#!/h/p/809017724,Alpinestars Youth Sequence Neck Roll
/product/ortlieb-waterproof-bike-bags-gravel-pack/,/shop#!/i/p/809018581,Ortlieb Waterproof Bike Bags Gravel Pack
/product/ortlieb-waterproof-sport-roller-city/,/shop#!/i/p/809018581,Ortlieb Waterproof Sport-Roller City
/product/ortlieb-waterproof-back-roller-classic/,/shop#!/i/p/809018581,Ortlieb Waterproof Back Roller Classic
/product/morgan-blue-wheel-brush/,/shop#!/Morgan-Blue-Wheel-Brush/p/808973746,Morgan Blue Wheel Brush
/product/morgan-blue-chain-brush/,/shop#!/Morgan-Blue-Chain-Brush/p/808973731,Morgan Blue Chain Brush
/product/morgan-blue-cassette-brush/,/shop#!/Morgan-Blue-Cassette-Brush/p/808973750,Morgan Blue Cassette Brush
/product/morgan-blue-bike-cleaning-glove/,/shop#!/Morgan-Blue-Bike-Cleaning-Glove/p/808971000,Morgan Blue Bike Cleaning Glove
/product/chepark-bicycle-care-cleaning-sponge/,/shop#!/h/p/809017724,Chepark Bicycle Care Cleaning Sponge
/product/zefal-zb-wash-brush/,/shop#!/h/p/809017724,Zefal ZB Wash Brush
/product/cranks-550ml-bottle/,/shop#!/CRANKS-550ml-Water-Bottle/p/809025617,Cranks 550mL Bottle
/product/bellwether-ultralight-cycling-vest-white/,/shop#!/h/p/809017724,Bellwether Ultralight Cycling Vest White
/product/bellwether-velocity-jacket-orange/,/shop#!/Bellwether-Velocity-Jacket/p/809006753,Bellwether Velocity Jacket Orange
/product/bellwether-velocity-convertible-jacket-hi-vis/,/shop#!/Bellwether-Velocity-Convertible-Jacket/p/809004788,Bellwether Velocity Convertible Jacket Hi-Vis
/product/santini-maillot-jaune-ventoux-jersey/,/shop#!/i/p/809018581,Santini Maillot Jaune Ventoux Jersey
/product/santini-colore-puro-jersey-blue/,/shop#!/i/p/809018581,Santini Colore Puro Jersey Blue
/product/focus-aventura2-6-7-e-bike/,/shop#!/i/p/809018581,Focus Aventura2  6.7 E Bike
/product/focus-aventura2-step-thru-e-bike/,/shop#!/h/p/809017724,Focus Aventura2 Step Thru E Bike
/product/maxi-micro-deluxe-led-kids-scooter-red/,/shop#!/i/p/809018581,Maxi Micro Deluxe LED Kids Scooter Red
/product/maxi-micro-deluxe-led-kids-scooter-pink/,/shop#!/i/p/809018581,Maxi Micro Deluxe LED Kids Scooter Pink
/product/maxi-micro-deluxe-led-kids-scooter-navy-blue/,/shop#!/i/p/809018581,Maxi Micro Deluxe LED Kids Scooter Navy Blue
/product/trek-electra-bicycle-cover/,/shop#!/i/p/809018581,Trek Electra Bicycle Cover
/product/lotus-nylon-bike-cover/,/shop#!/i/p/809018581,Lotus Nylon Bike Cover
/product/gussets-s2-lock-on-grips-grey-marble/,/shop#!/i/p/809018581,Gussets S2 Lock On Grips Grey Marble
/product/electra-pinger-bike-bell/,/shop#!/i/p/809018581,Electra Pinger Bike Bell
/product/trek-elite-recycled-water-bottle-cage/,/shop#!/i/p/809018581,Trek Elite Recycled Water Bottle Cage
/product/trek-right-side-load-recycled-water-bottle-cage/,/shop#!/h/p/809017724,Trek Right Side Load Recycled Water Bottle Cage
/product/bontrager-hollow-6-mm-water-bottle-cage/,/shop#!/h/p/809017724,Bontrager Hollow 6 mm Water Bottle Cage
/product/bontrager-backrack-deluxe-mik/,/shop#!/i/p/809018581,Bontrager BackRack Deluxe MIK
/product/electra-mik-rear-rack/,/shop#!/i/p/809018581,Electra MIK Rear Rack
/product/thule-yepp-2-maxi-child-seat/,/shop#!/Thule-Yepp-2-Maxi-Child-Seat/p/809035373,Thule Yepp 2 Maxi Child Seat
/product/urban-iki-mik-rear-child-seat/,/shop#!/h/p/809017724,Urban Iki Mik Rear Child Seat
/product/urban-iki-mik-front-child-seat/,/shop#!/h/p/809017724,Urban Iki Mik Front Child Seat
/product/wombat-safety-rail-pack/,/shop#!/i/p/809018581,Wombat Safety Rail Pack
/product/wombat-passenger-pack/,/shop#!/t/p/809016739,Wombat Passenger Pack
/product/wombat-long-bench-cushions/,/shop#!/Wombat-Long-Bench-Cushion/p/809035895,Wombat Long Bench Cushions
/product/wombat-short-bench-cushions/,/shop#!/h/p/809017724,Wombat Short Bench Cushions
/product/wombat-hold-on-bars/,/shop#!/Wombat-Hold-On-Bars/p/809021583,Wombat Hold on Bars
/product/wombat-buddy-rails/,/shop#!/Wombat-Buddy-Rails/p/809035907,Wombat Buddy Rails
/product/bone-shieldz-cruiser-3000-performance-protective/,/shop#!/Bone-Shieldz-Cruiser-3000/p/809021857,Bone Shieldz Cruiser 3000 Performance Protective
/product/triple-eight-saver-series-protective-pack-sunset/,/shop#!/Triple-Eight-Saver-Series-Protective-Pack/p/809026320,Triple Eight Saver Series Protective Pack Sunset
/product/sks-germany-s-guard/,/shop#!/SKS-Germany-S-Guard/p/808984036,SKS Germany S-Guard
/product/oxford-bright-vest-packaway/,/shop#!/Oxford-Bright-Vest-Packaway/p/809021627,Oxford Bright Vest Packaway
/product/bikelane-x-type-universal-reflective-safety-vest/,/shop#!/i/p/809018581,BikeLane X Type Universal Reflective Safety Vest
/product/cush-core-bead-dropper/,/shop#!/Cush-Core-Bead-Dropper-Tyre-Lever/p/809021622,Cush Core Bead Dropper
/product/cush-core-trail-set/,/shop#!/h/p/809017724,Cush Core Trail Set
/product/cush-core-55mm-tubeless-presta-valve-set/,/shop#!/h/p/809017724,Cush Core 55mm Tubeless Presta Valve Set
/product/magene-s314-cycling-speed-cadence-sensor/,/shop#!/i/p/809018581,Magene S314 Cycling Speed Cadence Sensor
/product/magene-h603-heart-rate-monitor/,/shop#!/h/p/809017724,Magene H603 Heart Rate Monitor
/product/sks-germany-air-checker/,/shop#!/SKS-Germany-AirChecker/p/809021682,SKS Germany Air Checker
/product/limar-rocket-helmet/,/shop#!/h/p/809017724,Limar Rocket Helmet
/product/ethic-dtc-scooter-grips/,/shop#!/h/p/809017724,Ethic Dtc Scooter Grips
/product/muc-off-nano-tech-bike-cleaner/,/shop#!/h/p/809017724,Muc-Off Nano Tech Bike Cleaner
/product/muc-off-silicon-shine-500ml/,/shop#!/Muc-Off-Silicon-Shine-500ml/p/809025678,Muc-Off Silicon Shine 500ml
/product/champions-choice-tubeless-sealant-500ml/,/shop#!/h/p/809017724,Champions Choice Tubeless Sealant 500ml
/product/koda-nutrition-energy-gels/,/shop#!/i/p/809018581,Koda Nutrition Energy Gels
/product/koda-electrolyte-powder-stick-packs/,/shop#!/KODA-Electrolyte-Powder-20-stick-packs/p/809036804,Koda Electrolyte Powder Stick Packs
/product/trek-checkpoint-sl-5-axs-gen-3-2025/,/shop#!/h/p/809017724,Trek Checkpoint SL 5 AXS Gen 3 (2025)
/product/trek-top-fuel-9-8-xt-gen-4-2025/,/shop#!/t/p/809016739,Trek Top Fuel 9.8 XT Gen 4 (2025)
/product/trek-top-fuel-9-8-gx-axs-gen-4-2025/,/shop#!/t/p/809016739,Trek Top Fuel 9.8 GX AXS Gen 4 (2025)
/product/scicon-mountain-bike-cover/,/shop#!/i/p/809018581,Scicon Mountain Bike Cover
/product/scicon-road-bike-cover/,/shop#!/Scicon-Bike-Cover/p/809021678,Scicon Road Bike Cover
/product/scicon-big-cover-big-frame/,/shop#!/i/p/809018581,Scicon Big Cover Big Frame
/product/vittoria-ridearmor-tubeless-ready-tyre/,/shop#!/i/p/809018581,Vittoria RideArmor Tubeless Ready Tyre
/product/vittoria-rubino-pro-graphene-2-0-clincher-tyre/,/shop#!/h/p/809017724,Vittoria Rubino Pro Graphene 2.0 Clincher Tyre
/product/vittoria-rubino-pro-iv-graphene-2-0-clincher-tyre/,/shop#!/h/p/809017724,Vittoria Rubino Pro IV Graphene 2.0 Clincher Tyre
/product/hutchinson-challenger-tyre/,/shop#!/h/p/809017724,Hutchinson Challenger Tyre
/product/schwalbe-insider-tyres/,/shop#!/h/p/809017724,Schwalbe Insider Tyres
/product/schwalbe-one-tubeless-tyre/,/shop#!/h/p/809017724,Schwalbe One Tubeless Tyre
/product/vittoria-corsa-graphene-2-0-tubular-tyre/,/shop#!/h/p/809017724,Vittoria Graphene 2.0 Terreno Zero Gravel Endurance
/product/vittoria-graphene-2-0-mazza-enduro/,/shop#!/h/p/809017724,Vittoria Graphene 2.0 Mazza Enduro
/product/vittoria-barzo-graphene-2-0-folding-tyre/,/shop#!/h/p/809017724,Vittoria Barzo Graphene 2.0 Folding Tyre
/product/pirelli-cinturato-gravel-m-tlr-tyre/,/shop#!/i/p/809018581,Pirelli Cinturato Gravel M TLR Tyre
/product/bontrager-betasso-rsl-gx-tlr-gravel-tyre/,/shop#!/t/p/809016739,Bontrager Betasso RSL GX TLR Gravel Tyre
/product/bontrager-girona-rsl-gr-tlr-gravel-tyre/,/shop#!/i/p/809018581,Bontrager Girona RSL GR TLR Gravel Tyre
/product/bontrager-xr4-team-issue-tlr-mtb-tyre/,/shop#!/i/p/809018581,Bontrager XR4 Team Issue TLR MTB Tyre
/product/bontrager-gunnison-rsl-xt-tlr-mtb-tyre/,/shop#!/Bontrager-Gunnison-RSL-XT-Tyre/p/809025667,Bontrager Gunnison RSL XT TLR MTB Tyre
/product/bontrager-gunnison-pro-xr-tlr-mtb-tyre/,/shop#!/i/p/809018581,Bontrager Gunnison Pro XR TLR MTB Tyre
/product/bontrager-xr2-team-issue-tlr-mtb-tyre/,/shop#!/i/p/809018581,Bontrager XR2 Team Issue TLR MTB Tyre
/product/bontrager-lightweight-presta-valve-bicycle-tube/,/shop#!/h/p/809017724,Bontrager Lightweight Presta Valve Bicycle Tube
/product/maxxis-ultralight-700x23-32c-presta-valve-tube/,/shop#!/h/p/809017724,Maxxis Ultralight 700x23/32C Presta Valve Tube
/product/maxxis-welter-weight-700x23-32c-presta-valve-tube/,/shop#!/Maxxis-Welter-Weight-700x23-32C-FV-Tube/p/809018608,Maxxis Welter Weight 700x23/32C Presta Valve Tube
/product/maxxis-fly-weight-presta-valve-tube-700x18-25c/,/shop#!/h/p/809017724,Maxxis Fly Weight Presta Valve Tube 700x18-25C
/product/globber-primo-blue-scooter/,/shop#!/i/p/809018581,Globber Primo Blue Scooter
/product/globber-primo-red-scooter/,/shop#!/i/p/809018581,Globber Primo Red Scooter
/product/globber-primo-pink-scooter/,/shop#!/i/p/809018581,Globber Primo Pink Scooter
/product/globber-primo-lights-emerald-green-scooter/,/shop#!/h/p/809017724,Globber Primo Lights Emerald Green Scooter
/product/globber-primo-lights-navy-blue-scooter/,/shop#!/h/p/809017724,Globber Primo Lights Navy Blue Scooter
/product/globber-primo-lights-dark-purple-scooter/,/shop#!/h/p/809017724,Globber Primo Lights Dark Purple Scooter
/product/globber-primo-lights-lime-green-scooter/,/shop#!/h/p/809017724,Globber Primo Lights Lime Green Scooter
/product/globber-primo-lights-fuchsia-scooter/,/shop#!/h/p/809017724,Globber Primo Lights Fuchsia Scooter
/product/globber-primo-lights-pastel-pink-scooter/,/shop#!/h/p/809017724,Globber Primo Lights Pastel Pink Scooter
/product/globber-primo-foldable-lights-navy-blue-scooter/,/shop#!/h/p/809017724,Globber Primo Foldable Lights Navy Blue Scooter
/product/globber-primo-foldable-lights-red-scooter/,/shop#!/h/p/809017724,Globber Primo Foldable Lights Red Scooter
/product/globber-primo-foldable-lights-lime-green-scooter/,/shop#!/h/p/809017724,Globber Primo Foldable Lights Lime Green Scooter
/product/globber-primo-foldable-lights-pink-scooter/,/shop#!/h/p/809017724,Globber Primo Foldable Lights Pink Scooter
/product/globber-primo-foldable-light-eco-scooters/,/shop#!/h/p/809017724,Globber Primo Foldable Light Eco Scooters
/product/ortlieb-waterproof-bike-bag-back-roller-urban/,/shop#!/i/p/809018581,Ortlieb Waterproof Bike Bag Back-Roller Urban
/product/ortlieb-waterproof-gravel-pack-bike-bag/,/shop#!/i/p/809018581,Ortlieb Waterproof Gravel-Pack Bike Bag
/product/met-hooray-kids-helmet-new-colours/,/shop#!/h/p/809017724,Met Hooray Kids Helmet - New Colours!
/product/cruzee-balance-bike-purple/,/shop#!/i/p/809018581,Cruzee Balance Bike - Purple
/product/cruzee-balance-bike-blue/,/shop#!/i/p/809018581,Cruzee Balance Bike - Blue
/product/cruzee-balance-bike-pink/,/shop#!/i/p/809018581,Cruzee Balance Bike - Pink
/product/cruzee-balance-bike-black/,/shop#!/i/p/809018581,Cruzee Balance Bike - Black
/product/norco-storm-youth-26-mtb/,/shop#!/h/p/809017724,Norco Storm Youth 26 MTB
/product/xds-e-lectron-folding-e-bike/,/shop#!/i/p/809018581,XDS E-lectron Folding E Bike
/product/schwinn-fordham-26-comfort-bike/,/shop#!/h/p/809017724,Schwinn Fordham 26 Comfort Bike
/product/schwinn-traveler-cruiser-bike/,/shop#!/Schwinn-Traveler-Cruiser-Bike/p/809035989,Schwinn Traveler Cruiser Bike
/product/factor-ostro-vam-l39ion-edition-shimano-ultegra/,/shop#!/h/p/809017724,Factor OSTRO VAM - L39ion Edition - Shimano Ultegra
/product/factor-ostro-vam-scarab-shimano-ultegra/,/shop#!/h/p/809017724,Factor OSTRO VAM Scarab - Shimano Ultegra
/product/factor-ostro-vam-hatsune-miku-2024-edition-shimano-ultegra/,/shop#!/h/p/809017724,Factor OSTRO VAM Hatsune Miku 2024 Edition - Shimano Ultegra
/product/factor-o2-shimano-ultegra/,/shop#!/h/p/809017724,Factor O2 - Shimano Ultegra
/product/factor-ostro-gravel-sram-force-xplr-w-power-meter/,/shop#!/t/p/809016739,Factor Ostro Gravel - SRAM Force XPLR w/ Power Meter
/product/maxi-micro-deluxe-led-kids-scooter-purple/,/shop#!/i/p/809018581,Maxi Micro Deluxe LED Kids Scooter Purple
/product/norco-storm-100-mtb-2025/,/shop#!/t/p/809016739,Norco Storm 100 MTB 2025
/product/norco-rampage-1-dirt-jumper-2025/,/shop#!/i/p/809018581,Norco Rampage 1 Dirt Jumper 2025
/product/norco-rampage-2-dirt-jumper-2025/,/shop#!/i/p/809018581,Norco Rampage 2 Dirt Jumper 2025
/product/norco-rampage-24-dirt-jumper-2025/,/shop#!/i/p/809018581,Norco Rampage 24 Dirt Jumper 2025
/product/norco-storm-youth-24-2025/,/shop#!/h/p/809017724,Norco Storm Youth 24 2025
/product/factor-monza-disc-brake-standard-frame-package/,/shop#!/i/p/809018581,Factor Monza Disc Brake Standard Frame Package
/product/blackburn-luminate-360-light-set/,/shop#!/h/p/809017724,Blackburn  Luminate 360 Light Set
/product/trek-softshell-cycling-shoe-covers/,/shop#!/h/p/809017724,Trek Softshell Cycling Shoe Covers
